Workbook

Sheet Cover
A4: 乾 科 技 股 份 有 限 公 司
A5: Cyntec Co., Ltd.
A7: CIM 設備規範書
A8: CIM Equipment spec
A9: 【營錡酸洗】
A12: 編號 No | B12: 版 本 Version | C12: 內 容 Content | D12: 日期 Date | E12: 備 註 Remark
A13: 1 | B13: 1.0 | C13: CIM Equipment spec. | D13: 04/7/26
A14: 2 | B14: 1.1 | C14: Update | D14: 04/8/26
A15: 3 | B15: 1.2 | C15: Add Common Adress and Flow Chart | D15: 04/14/26

Sheet Spec.
A1: SUBJECT | C1: Equipment CIM Data Mapping
C2: Doc. No. : | D2: =Cover!C13 -> CIM Equipment spec.
A4: Equipment | C4: =Cover!A9 -> 【營錡酸洗】
A5: Data Concentrator | C5: 【Loader】
A10: Equipment Report Data
B12: （Network Parameter ） | D12: PLC Area
D13: Points | E13: Begin | F13: End
B14: Common | C14: Data | D14: 200 | E14: DM10000 | F14: DM10199
B15: Loader | C15: Data | D15: 480 | E15: DM11000 | F15: DM11479
B16: Pickling | C16: Data | D16: 150 | E16: DM12000 | F16: DM12149
B17: Unloader | C17: Data | D17: 440 | E17: DM13000 | F17: DM13439

Sheet Flow

Sheet Common Adress
A1: SUBJECT | B1: Equipment Data Mapping
B2: Doc. No. : | D2: =Cover!C13 -> CIM Equipment spec.
A3: PLC Start Adress | C3: DM10000
A5: PLC Address | B5: Name Designation | C5: Permission | D5: Format(F->0) | H5: Description | I5: Annotation
A6: [遠端指令PP_Select : RemoteCMD PP_Select]
A7: =LEFT($C$3, 2) & (MID($C$3, 3, LEN($C$3)) + J7) -> DM10000 | B7: RecipeID_Loader | C7: L->L | D7: uuuu | E7: uuuu | F7: uuuu | G7: uuuu | H7: RecipeID Change for Loader | I7: UINT(1) 1~65535 | J7: 0
A8: =LEFT($C$3, 2) & (MID($C$3, 3, LEN($C$3)) + J8) -> DM10001 | B8: RecipeID_Pickling | C8: L->D | D8: uuuu | E8: uuuu | F8: uuuu | G8: uuuu | H8: RecipeID Change for Pickling | I8: UINT(1) 1~65535 | J8: 1
A9: =LEFT($C$3, 2) & (MID($C$3, 3, LEN($C$3)) + J9) -> DM10002 | B9: RecipeID_Unloader | C9: L->UL | D9: uuuu | E9: uuuu | F9: uuuu | G9: uuuu | H9: RecipeID Change for Unloader | I9: UINT(1) 1~65535 | J9: 2
A10: =LEFT($C$3, 2) & (MID($C$3, 3, LEN($C$3)) + J10) -> DM10003 | B10: Spare | J10: 3
A11: =LEFT($C$3, 2) & (MID($C$3, 3, LEN($C$3)) + J11) -> DM10004 | B11: Spare | J11: 4
A12: =LEFT($C$3, 2) & (MID($C$3, 3, LEN($C$3)) + J12) -> DM10005 | B12: Spare | J12: 5
A13: =LEFT($C$3, 2) & (MID($C$3, 3, LEN($C$3)) + J13) -> DM10006 | B13: Spare | J13: 6
A14: =LEFT($C$3, 2) & (MID($C$3, 3, LEN($C$3)) + J14) -> DM10007 | B14: Spare | J14: 7
A15: =LEFT($C$3, 2) & (MID($C$3, 3, LEN($C$3)) + J15) -> DM10008 | B15: Spare | J15: 8
A16: =LEFT($C$3, 2) & (MID($C$3, 3, LEN($C$3)) + J16) -> DM10009 | B16: Spare | J16: 9
A17: =LEFT($C$3, 2) & (MID($C$3, 3, LEN($C$3)) + J17) -> DM10010 | B17: Current_RecipeID_Loader | C17: Common | D17: uuuu | E17: uuuu | F17: uuuu | G17: uuuu | H17: RecipeID Change for Loader | I17: UINT(1) 1~65535 | J17: 10
A18: =LEFT($C$3, 2) & (MID($C$3, 3, LEN($C$3)) + J18) -> DM10011 | B18: Current_RecipeID_Pickling | C18: Common | D18: uuuu | E18: uuuu | F18: uuuu | G18: uuuu | H18: RecipeID Change for Pickling | I18: UINT(1) 1~65535 | J18: 11
A19: =LEFT($C$3, 2) & (MID($C$3, 3, LEN($C$3)) + J19) -> DM10012 | B19: Current_RecipeID_Unloader | C19: Common | D19: uuuu | E19: uuuu | F19: uuuu | G19: uuuu | H19: RecipeID Change for Unloader | I19: UINT(1) 1~65535 | J19: 12
A20: =LEFT($C$3, 2) & (MID($C$3, 3, LEN($C$3)) + J20) -> DM10013 | B20: Spare | J20: 13
A21: =LEFT($C$3, 2) & (MID($C$3, 3, LEN($C$3)) + J21) -> DM10014 | B21: Spare | J21: 14
A22: =LEFT($C$3, 2) & (MID($C$3, 3, LEN($C$3)) + J22) -> DM10015 | B22: Spare | J22: 15
A23: =LEFT($C$3, 2) & (MID($C$3, 3, LEN($C$3)) + J23) -> DM10016 | B23: Spare | J23: 16
A24: =LEFT($C$3, 2) & (MID($C$3, 3, LEN($C$3)) + J24) -> DM10017 | B24: Spare | J24: 17
A25: =LEFT($C$3, 2) & (MID($C$3, 3, LEN($C$3)) + J25) -> DM10018 | B25: Spare | J25: 18
A26: =LEFT($C$3, 2) & (MID($C$3, 3, LEN($C$3)) + J26) -> DM10019 | B26: Spare | J26: 19
A27: [共用資料區 : Common Data Area]
A28: =LEFT($C$3, 2) & (MID($C$3, 3, LEN($C$3)) + J28) -> DM10020 | B28: WorkOrder_1 | C28: Common | D28: 2nd Char | F28: 1st Char | H28: Work Order 1 Number | I28: String (10) ASCII | J28: 20
A29: =LEFT($C$3, 2) & (MID($C$3, 3, LEN($C$3)) + J29) -> DM10021 | D29: 4th Char | F29: 3rd Char | J29: 21
A30: =LEFT($C$3, 2) & (MID($C$3, 3, LEN($C$3)) + J30) -> DM10022 | D30: 6th Char | F30: 5th Char | J30: 22
A31: =LEFT($C$3, 2) & (MID($C$3, 3, LEN($C$3)) + J31) -> DM10023 | D31: 8th Char | F31: 7th Char | J31: 23
A32: =LEFT($C$3, 2) & (MID($C$3, 3, LEN($C$3)) + J32) -> DM10024 | D32: 10th Char | F32: 9th Char | J32: 24
A33: =LEFT($C$3, 2) & (MID($C$3, 3, LEN($C$3)) + J33) -> DM10025 | D33: 12th Char | F33: 11th Char | J33: 25
A34: =LEFT($C$3, 2) & (MID($C$3, 3, LEN($C$3)) + J34) -> DM10026 | D34: 14th Char | F34: 13th Char | J34: 26
A35: =LEFT($C$3, 2) & (MID($C$3, 3, LEN($C$3)) + J35) -> DM10027 | D35: 16th Char | F35: 15th Char | J35: 27
A36: =LEFT($C$3, 2) & (MID($C$3, 3, LEN($C$3)) + J36) -> DM10028 | D36: 18th Char | F36: 17th Char | J36: 28
A37: =LEFT($C$3, 2) & (MID($C$3, 3, LEN($C$3)) + J37) -> DM10029 | D37: 20th Char | F37: 19th Char | J37: 29
A38: =LEFT($C$3, 2) & (MID($C$3, 3, LEN($C$3)) + J38) -> DM10030 | B38: WorkOrder_2 | C38: Common | D38: 2nd Char | F38: 1st Char | H38: Work Order 2 Number | I38: String (10) ASCII | J38: 30
A39: =LEFT($C$3, 2) & (MID($C$3, 3, LEN($C$3)) + J39) -> DM10031 | D39: 4th Char | F39: 3rd Char | J39: 31
A40: =LEFT($C$3, 2) & (MID($C$3, 3, LEN($C$3)) + J40) -> DM10032 | D40: 6th Char | F40: 5th Char | J40: 32
A41: =LEFT($C$3, 2) & (MID($C$3, 3, LEN($C$3)) + J41) -> DM10033 | D41: 8th Char | F41: 7th Char | J41: 33
A42: =LEFT($C$3, 2) & (MID($C$3, 3, LEN($C$3)) + J42) -> DM10034 | D42: 10th Char | F42: 9th Char | J42: 34
A43: =LEFT($C$3, 2) & (MID($C$3, 3, LEN($C$3)) + J43) -> DM10035 | D43: 12th Char | F43: 11th Char | J43: 35
A44: =LEFT($C$3, 2) & (MID($C$3, 3, LEN($C$3)) + J44) -> DM10036 | D44: 14th Char | F44: 13th Char | J44: 36
A45: =LEFT($C$3, 2) & (MID($C$3, 3, LEN($C$3)) + J45) -> DM10037 | D45: 16th Char | F45: 15th Char | J45: 37
A46: =LEFT($C$3, 2) & (MID($C$3, 3, LEN($C$3)) + J46) -> DM10038 | D46: 18th Char | F46: 17th Char | J46: 38
A47: =LEFT($C$3, 2) & (MID($C$3, 3, LEN($C$3)) + J47) -> DM10039 | D47: 20th Char | F47: 19th Char | J47: 39
A48: =LEFT($C$3, 2) & (MID($C$3, 3, LEN($C$3)) + J48) -> DM10040 | B48: WorkOrder_3 | C48: Common | D48: 2nd Char | F48: 1st Char | H48: Work Order 3 Number | I48: String (10) ASCII | J48: 40
A49: =LEFT($C$3, 2) & (MID($C$3, 3, LEN($C$3)) + J49) -> DM10041 | D49: 4th Char | F49: 3rd Char | J49: 41
A50: =LEFT($C$3, 2) & (MID($C$3, 3, LEN($C$3)) + J50) -> DM10042 | D50: 6th Char | F50: 5th Char | J50: 42
A51: =LEFT($C$3, 2) & (MID($C$3, 3, LEN($C$3)) + J51) -> DM10043 | D51: 8th Char | F51: 7th Char | J51: 43
A52: =LEFT($C$3, 2) & (MID($C$3, 3, LEN($C$3)) + J52) -> DM10044 | D52: 10th Char | F52: 9th Char | J52: 44
A53: =LEFT($C$3, 2) & (MID($C$3, 3, LEN($C$3)) + J53) -> DM10045 | D53: 12th Char | F53: 11th Char | J53: 45
A54: =LEFT($C$3, 2) & (MID($C$3, 3, LEN($C$3)) + J54) -> DM10046 | D54: 14th Char | F54: 13th Char | J54: 46
A55: =LEFT($C$3, 2) & (MID($C$3, 3, LEN($C$3)) + J55) -> DM10047 | D55: 16th Char | F55: 15th Char | J55: 47
A56: =LEFT($C$3, 2) & (MID($C$3, 3, LEN($C$3)) + J56) -> DM10048 | D56: 18th Char | F56: 17th Char | J56: 48
A57: =LEFT($C$3, 2) & (MID($C$3, 3, LEN($C$3)) + J57) -> DM10049 | D57: 20th Char | F57: 19th Char | J57: 49
A58: =LEFT($C$3, 2) & (MID($C$3, 3, LEN($C$3)) + J58) -> DM10050 | B58: WorkOrder_4 | C58: Common | D58: 2nd Char | F58: 1st Char | H58: Work Order 4 Number | I58: String (10) ASCII | J58: 50
A59: =LEFT($C$3, 2) & (MID($C$3, 3, LEN($C$3)) + J59) -> DM10051 | D59: 4th Char | F59: 3rd Char | J59: 51
A60: =LEFT($C$3, 2) & (MID($C$3, 3, LEN($C$3)) + J60) -> DM10052 | D60: 6th Char | F60: 5th Char | J60: 52
A61: =LEFT($C$3, 2) & (MID($C$3, 3, LEN($C$3)) + J61) -> DM10053 | D61: 8th Char | F61: 7th Char | J61: 53
A62: =LEFT($C$3, 2) & (MID($C$3, 3, LEN($C$3)) + J62) -> DM10054 | D62: 10th Char | F62: 9th Char | J62: 54
A63: =LEFT($C$3, 2) & (MID($C$3, 3, LEN($C$3)) + J63) -> DM10055 | D63: 12th Char | F63: 11th Char | J63: 55
A64: =LEFT($C$3, 2) & (MID($C$3, 3, LEN($C$3)) + J64) -> DM10056 | D64: 14th Char | F64: 13th Char | J64: 56
A65: =LEFT($C$3, 2) & (MID($C$3, 3, LEN($C$3)) + J65) -> DM10057 | D65: 16th Char | F65: 15th Char | J65: 57
A66: =LEFT($C$3, 2) & (MID($C$3, 3, LEN($C$3)) + J66) -> DM10058 | D66: 18th Char | F66: 17th Char | J66: 58
A67: =LEFT($C$3, 2) & (MID($C$3, 3, LEN($C$3)) + J67) -> DM10059 | D67: 20th Char | F67: 19th Char | J67: 59
A68: =LEFT($C$3, 2) & (MID($C$3, 3, LEN($C$3)) + J68) -> DM10060 | B68: WorkOrder_5 | C68: Common | D68: 2nd Char | F68: 1st Char | H68: Work Order 5 Number | I68: String (10) ASCII | J68: 60
A69: =LEFT($C$3, 2) & (MID($C$3, 3, LEN($C$3)) + J69) -> DM10061 | D69: 4th Char | F69: 3rd Char | J69: 61
A70: =LEFT($C$3, 2) & (MID($C$3, 3, LEN($C$3)) + J70) -> DM10062 | D70: 6th Char | F70: 5th Char | J70: 62
A71: =LEFT($C$3, 2) & (MID($C$3, 3, LEN($C$3)) + J71) -> DM10063 | D71: 8th Char | F71: 7th Char | J71: 63
A72: =LEFT($C$3, 2) & (MID($C$3, 3, LEN($C$3)) + J72) -> DM10064 | D72: 10th Char | F72: 9th Char | J72: 64
A73: =LEFT($C$3, 2) & (MID($C$3, 3, LEN($C$3)) + J73) -> DM10065 | D73: 12th Char | F73: 11th Char | J73: 65
A74: =LEFT($C$3, 2) & (MID($C$3, 3, LEN($C$3)) + J74) -> DM10066 | D74: 14th Char | F74: 13th Char | J74: 66
A75: =LEFT($C$3, 2) & (MID($C$3, 3, LEN($C$3)) + J75) -> DM10067 | D75: 16th Char | F75: 15th Char | J75: 67
A76: =LEFT($C$3, 2) & (MID($C$3, 3, LEN($C$3)) + J76) -> DM10068 | D76: 18th Char | F76: 17th Char | J76: 68
A77: =LEFT($C$3, 2) & (MID($C$3, 3, LEN($C$3)) + J77) -> DM10069 | D77: 20th Char | F77: 19th Char | J77: 69
A78: =LEFT($C$3, 2) & (MID($C$3, 3, LEN($C$3)) + J78) -> DM10070 | B78: WorkOrder_6 | C78: Common | D78: 2nd Char | F78: 1st Char | H78: Work Order 6 Number | I78: String (10) ASCII | J78: 70
A79: =LEFT($C$3, 2) & (MID($C$3, 3, LEN($C$3)) + J79) -> DM10071 | D79: 4th Char | F79: 3rd Char | J79: 71
A80: =LEFT($C$3, 2) & (MID($C$3, 3, LEN($C$3)) + J80) -> DM10072 | D80: 6th Char | F80: 5th Char | J80: 72
A81: =LEFT($C$3, 2) & (MID($C$3, 3, LEN($C$3)) + J81) -> DM10073 | D81: 8th Char | F81: 7th Char | J81: 73
A82: =LEFT($C$3, 2) & (MID($C$3, 3, LEN($C$3)) + J82) -> DM10074 | D82: 10th Char | F82: 9th Char | J82: 74
A83: =LEFT($C$3, 2) & (MID($C$3, 3, LEN($C$3)) + J83) -> DM10075 | D83: 12th Char | F83: 11th Char | J83: 75
A84: =LEFT($C$3, 2) & (MID($C$3, 3, LEN($C$3)) + J84) -> DM10076 | D84: 14th Char | F84: 13th Char | J84: 76
A85: =LEFT($C$3, 2) & (MID($C$3, 3, LEN($C$3)) + J85) -> DM10077 | D85: 16th Char | F85: 15th Char | J85: 77
A86: =LEFT($C$3, 2) & (MID($C$3, 3, LEN($C$3)) + J86) -> DM10078 | D86: 18th Char | F86: 17th Char | J86: 78
A87: =LEFT($C$3, 2) & (MID($C$3, 3, LEN($C$3)) + J87) -> DM10079 | D87: 20th Char | F87: 19th Char | J87: 79
A88: =LEFT($C$3, 2) & (MID($C$3, 3, LEN($C$3)) + J88) -> DM10080 | B88: WorkOrder_7 | C88: Common | D88: 2nd Char | F88: 1st Char | H88: Work Order 7 Number | I88: String (10) ASCII | J88: 80
A89: =LEFT($C$3, 2) & (MID($C$3, 3, LEN($C$3)) + J89) -> DM10081 | D89: 4th Char | F89: 3rd Char | J89: 81
A90: =LEFT($C$3, 2) & (MID($C$3, 3, LEN($C$3)) + J90) -> DM10082 | D90: 6th Char | F90: 5th Char | J90: 82
A91: =LEFT($C$3, 2) & (MID($C$3, 3, LEN($C$3)) + J91) -> DM10083 | D91: 8th Char | F91: 7th Char | J91: 83
A92: =LEFT($C$3, 2) & (MID($C$3, 3, LEN($C$3)) + J92) -> DM10084 | D92: 10th Char | F92: 9th Char | J92: 84
A93: =LEFT($C$3, 2) & (MID($C$3, 3, LEN($C$3)) + J93) -> DM10085 | D93: 12th Char | F93: 11th Char | J93: 85
A94: =LEFT($C$3, 2) & (MID($C$3, 3, LEN($C$3)) + J94) -> DM10086 | D94: 14th Char | F94: 13th Char | J94: 86
A95: =LEFT($C$3, 2) & (MID($C$3, 3, LEN($C$3)) + J95) -> DM10087 | D95: 16th Char | F95: 15th Char | J95: 87
A96: =LEFT($C$3, 2) & (MID($C$3, 3, LEN($C$3)) + J96) -> DM10088 | D96: 18th Char | F96: 17th Char | J96: 88
A97: =LEFT($C$3, 2) & (MID($C$3, 3, LEN($C$3)) + J97) -> DM10089 | D97: 20th Char | F97: 19th Char | J97: 89
A98: =LEFT($C$3, 2) & (MID($C$3, 3, LEN($C$3)) + J98) -> DM10090 | B98: WorkOrder_8 | C98: Common | D98: 2nd Char | F98: 1st Char | H98: Work Order 8 Number | I98: String (10) ASCII | J98: 90
A99: =LEFT($C$3, 2) & (MID($C$3, 3, LEN($C$3)) + J99) -> DM10091 | D99: 4th Char | F99: 3rd Char | J99: 91
A100: =LEFT($C$3, 2) & (MID($C$3, 3, LEN($C$3)) + J100) -> DM10092 | D100: 6th Char | F100: 5th Char | J100: 92
A101: =LEFT($C$3, 2) & (MID($C$3, 3, LEN($C$3)) + J101) -> DM10093 | D101: 8th Char | F101: 7th Char | J101: 93
...

Sheet Loader Adress
A1: SUBJECT | B1: Equipment Data Mapping
B2: Doc. No. : | D2: =Cover!C13 -> CIM Equipment spec.
A3: PLC Start Adress | C3: DM11000
A5: PLC Address | B5: Name Designation | C5: Permission | D5: Format(F->0) | H5: Description | I5: Annotation
A6: [觸發訊號 : Request and Ack]
A7: =LEFT($C$3, 2) & (MID($C$3, 3, LEN($C$3)) + J7) -> DM11000 | B7: Equipment Event Request | C7: EQ->EAP | D7: 0000 | E7: 0000 | F7: 000e | G7: dcba | H7: a : UserID_Verify b : TrackInReq c : AlarmReport d : StatusChangeReport e : PanelInReport | I7: (binary) | J7: 000
A8: =LEFT($C$3, 2) & (MID($C$3, 3, LEN($C$3)) + J8) -> DM11001 | B8: EAP Event Ack | C8: EAP->EQ | D8: 0 | E8: 0000 | F8: 000e | G8: dcba | H8: a : UserID_Verify b : TrackInReq c : AlarmReport d : StatusChangeReport e : PanelInReport | I8: (binary) | J8: 001
A9: =LEFT($C$3, 2) & (MID($C$3, 3, LEN($C$3)) + J9) -> DM11002 | B9: EAP CMD Request | C9: EAP->EQ | D9: p000 | E9: 0 | F9: 0 | G9: 000a | H9: a : RemoteCMD (PP_SELECT) | J9: 002
A10: =LEFT($C$3, 2) & (MID($C$3, 3, LEN($C$3)) + J10) -> DM11003 | B10: Equipment CMD Ack | C10: EQ->EAP | D10: 0 | E10: 0 | F10: 0 | G10: 000a | H10: a : RemoteCMD (PP_SELECT) | J10: 003
A11: =LEFT($C$3, 2) & (MID($C$3, 3, LEN($C$3)) + J11) -> DM11004 | B11: AliveCheck (EQ Startup) | C11: EQ->EAP | D11: 0 | E11: 0 | F11: 0 | G11: 000a | H11: a : AliveCheck (EQ Startup)，ON/OFF once every 15 seconds. | J11: 004
A12: =LEFT($C$3, 2) & (MID($C$3, 3, LEN($C$3)) + J12) -> DM11005 | B12: AliveCheck (EAP StartUp) | C12: EAP->EQ | D12: 0 | E12: 0 | F12: 0 | G12: 000a | H12: a : AliveCheck (EAP StartUp)，ON/OFF once every 15 seconds. | J12: 005
A13: [人員登入驗證 : UserID_Verify Area]
A14: =LEFT($C$3, 2) & (MID($C$3, 3, LEN($C$3)) + J14) -> DM11100 | B14: Machine | C14: EQ->EAP | D14: 2nd Char | F14: 1st Char | H14: Machine ID | I14: String (3) ASCII | J14: 100
A15: =LEFT($C$3, 2) & (MID($C$3, 3, LEN($C$3)) + J15) -> DM11101 | D15: 4th Char | F15: 3rd Char | J15: 101
A16: =LEFT($C$3, 2) & (MID($C$3, 3, LEN($C$3)) + J16) -> DM11102 | D16: 6th Char | F16: 5th Char | J16: 102
A17: =LEFT($C$3, 2) & (MID($C$3, 3, LEN($C$3)) + J17) -> DM11103 | B17: DATE | C17: EQ->EAP | D17: y(2st Char) | F17: y(1st Char) | H17: yyyyMMddHHmmss | I17: String (7) ASCII | J17: 103
A18: =LEFT($C$3, 2) & (MID($C$3, 3, LEN($C$3)) + J18) -> DM11104 | D18: y(4st Char) | F18: y(3st Char) | J18: 104
A19: =LEFT($C$3, 2) & (MID($C$3, 3, LEN($C$3)) + J19) -> DM11105 | D19: M(2st Char) | F19: M(1st Char) | J19: 105
A20: =LEFT($C$3, 2) & (MID($C$3, 3, LEN($C$3)) + J20) -> DM11106 | D20: d(2st Char) | F20: d(1st Char) | J20: 106
A21: =LEFT($C$3, 2) & (MID($C$3, 3, LEN($C$3)) + J21) -> DM11107 | D21: H(2st Char) | F21: H(1st Char) | J21: 107
A22: =LEFT($C$3, 2) & (MID($C$3, 3, LEN($C$3)) + J22) -> DM11108 | D22: m(2st Char) | F22: m(1st Char) | J22: 108
A23: =LEFT($C$3, 2) & (MID($C$3, 3, LEN($C$3)) + J23) -> DM11109 | D23: s(2st Char) | F23: s(1st Char) | J23: 109
A24: =LEFT($C$3, 2) & (MID($C$3, 3, LEN($C$3)) + J24) -> DM11110 | B24: UserID | C24: EQ->EAP | D24: 2nd Char | F24: 1st Char | H24: User ID | I24: String (3) ASCII | J24: 110
A25: =LEFT($C$3, 2) & (MID($C$3, 3, LEN($C$3)) + J25) -> DM11111 | D25: 4th Char | F25: 3rd Char | J25: 111
A26: =LEFT($C$3, 2) & (MID($C$3, 3, LEN($C$3)) + J26) -> DM11112 | D26: 6th Char | F26: 5th Char | J26: 112
A27: =LEFT($C$3, 2) & (MID($C$3, 3, LEN($C$3)) + J27) -> DM11113 | B27: Barcode | C27: EQ->EAP | D27: 2nd Char | F27: 1st Char | H27: Barcode | I27: String (24) ASCII | J27: 113
A28: =LEFT($C$3, 2) & (MID($C$3, 3, LEN($C$3)) + J28) -> DM11114 | D28: 4th Char | F28: 3rd Char | J28: 114
A29: =LEFT($C$3, 2) & (MID($C$3, 3, LEN($C$3)) + J29) -> DM11115 | D29: 6th Char | F29: 5th Char | J29: 115
A30: =LEFT($C$3, 2) & (MID($C$3, 3, LEN($C$3)) + J30) -> DM11116 | D30: 8th Char | F30: 7th Char | J30: 116
A31: =LEFT($C$3, 2) & (MID($C$3, 3, LEN($C$3)) + J31) -> DM11117 | D31: 10th Char | F31: 9th Char | J31: 117
A32: =LEFT($C$3, 2) & (MID($C$3, 3, LEN($C$3)) + J32) -> DM11118 | D32: 12th Char | F32: 11th Char | J32: 118
A33: =LEFT($C$3, 2) & (MID($C$3, 3, LEN($C$3)) + J33) -> DM11119 | D33: 14th Char | F33: 13th Char | J33: 119
A34: =LEFT($C$3, 2) & (MID($C$3, 3, LEN($C$3)) + J34) -> DM11120 | D34: 16th Char | F34: 15th Char | J34: 120
A35: =LEFT($C$3, 2) & (MID($C$3, 3, LEN($C$3)) + J35) -> DM11121 | D35: 18th Char | F35: 17th Char | J35: 121
A36: =LEFT($C$3, 2) & (MID($C$3, 3, LEN($C$3)) + J36) -> DM11122 | D36: 20th Char | F36: 19th Char | J36: 122
A37: =LEFT($C$3, 2) & (MID($C$3, 3, LEN($C$3)) + J37) -> DM11123 | D37: 22nd Char | F37: 21st Char | J37: 123
A38: =LEFT($C$3, 2) & (MID($C$3, 3, LEN($C$3)) + J38) -> DM11124 | D38: 24th Char | F38: 23rd Char | J38: 124
A39: =LEFT($C$3, 2) & (MID($C$3, 3, LEN($C$3)) + J39) -> DM11125 | D39: 26th Char | F39: 25th Char | J39: 125
... A50: =LEFT($C$3, 2) & (MID($C$3, 3, LEN($C$3)) + J50) -> DM11136 | D50: 48th Char | F50: 47th Char | J50: 136
A51: =LEFT($C$3, 2) & (MID($C$3, 3, LEN($C$3)) + J51) -> DM11137 | B51: Spare | J51: 137
A52: =LEFT($C$3, 2) & (MID($C$3, 3, LEN($C$3)) + J52) -> DM11138 | B52: Spare | J52: 138
A53: =LEFT($C$3, 2) & (MID($C$3, 3, LEN($C$3)) + J53) -> DM11139 | B53: Spare | J53: 139
A54: =LEFT($C$3, 2) & (MID($C$3, 3, LEN($C$3)) + J54) -> DM11140 | B54: Spare | J54: 140
A55: =LEFT($C$3, 2) & (MID($C$3, 3, LEN($C$3)) + J55) -> DM11141 | B55: Spare | J55: 141
A56: =LEFT($C$3, 2) & (MID($C$3, 3, LEN($C$3)) + J56) -> DM11142 | B56: Spare | J56: 142
A57: =LEFT($C$3, 2) & (MID($C$3, 3, LEN($C$3)) + J57) -> DM11143 | B57: RtnResult | C57: EAP->EQ | D57: 0 | E57: 0 | F57: 0 | G57: 00aa | H57: 1 : PASS / 2 :FAIL | I57: INT(1) | J57: 143
A58: =LEFT($C$3, 2) & (MID($C$3, 3, LEN($C$3)) + J58) -> DM11144 | B58: RtnCode | C58: EAP->EQ | D58: 0 | E58: 0 | F58: hhhh | G58: hhhh | H58: PASS : 0 / FAIL : 1~99 | I58: INT(2) | J58: 144
A59: =LEFT($C$3, 2) & (MID($C$3, 3, LEN($C$3)) + J59) -> DM11145 | B59: Spare | J59: 145
A60: =LEFT($C$3, 2) & (MID($C$3, 3, LEN($C$3)) + J60) -> DM11146 | B60: Spare | J60: 146
A61: =LEFT($C$3, 2) & (MID($C$3, 3, LEN($C$3)) + J61) -> DM11147 | B61: Spare | J61: 147
A62: =LEFT($C$3, 2) & (MID($C$3, 3, LEN($C$3)) + J62) -> DM11148 | B62: Spare | J62: 148
A63: =LEFT($C$3, 2) & (MID($C$3, 3, LEN($C$3)) + J63) -> DM11149 | B63: Spare | J63: 149
A64: [工單進站 : TrackInReq ]
A65: =LEFT($C$3, 2) & (MID($C$3, 3, LEN($C$3)) + J65) -> DM11150 | B65: Machine | C65: EQ->EAP | D65: 2nd Char | F65: 1st Char | H65: Machine ID | I65: String (3) ASCII | J65: 150
A66: =LEFT($C$3, 2) & (MID($C$3, 3, LEN($C$3)) + J66) -> DM11151 | D66: 4th Char | F66: 3rd Char | J66: 151
A67: =LEFT($C$3, 2) & (MID($C$3, 3, LEN($C$3)) + J67) -> DM11152 | D67: 6th Char | F67: 5th Char | J67: 152
A68: =LEFT($C$3, 2) & (MID($C$3, 3, LEN($C$3)) + J68) -> DM11153 | B68: DATE | C68: EQ->EAP | D68: y(2st Char) | F68: y(1st Char) | H68: yyyyMMddHHmmss | I68: String (7) ASCII | J68: 153
A69: =LEFT($C$3, 2) & (MID($C$3, 3, LEN($C$3)) + J69) -> DM11154 | D69: y(4st Char) | F69: y(3st Char) | J69: 154
A70: =LEFT($C$3, 2) & (MID($C$3, 3, LEN($C$3)) + J70) -> DM11155 | D70: M(2st Char) | F70: M(1st Char) | J70: 155
A71: =LEFT($C$3, 2) & (MID($C$3, 3, LEN($C$3)) + J71) -> DM11156 | D71: d(2st Char) | F71: d(1st Char) | J71: 156
A72: =LEFT($C$3, 2) & (MID($C$3, 3, LEN($C$3)) + J72) -> DM11157 | D72: H(2st Char) | F72: H(1st Char) | J72: 157
A73: =LEFT($C$3, 2) & (MID($C$3, 3, LEN($C$3)) + J73) -> DM11158 | D73: m(2st Char) | F73: m(1st Char) | J73: 158
A74: =LEFT($C$3, 2) & (MID($C$3, 3, LEN($C$3)) + J74) -> DM11159 | D74: s(2st Char) | F74: s(1st Char) | J74: 159
A75: =LEFT($C$3, 2) & (MID($C$3, 3, LEN($C$3)) + J75) -> DM11160 | B75: UserID | C75: EQ->EAP | D75: 2nd Char | F75: 1st Char | H75: User ID | I75: String (3) ASCII | J75: 160
A76: =LEFT($C$3, 2) & (MID($C$3, 3, LEN($C$3)) + J76) -> DM11161 | D76: 4th Char | F76: 3rd Char | J76: 161
A77: =LEFT($C$3, 2) & (MID($C$3, 3, LEN($C$3)) + J77) -> DM11162 | D77: 6th Char | F77: 5th Char | J77: 162
A78: =LEFT($C$3, 2) & (MID($C$3, 3, LEN($C$3)) + J78) -> DM11163 | B78: MaterialID | C78: EQ->EAP | D78: 2nd Char | F78: 1st Char | H78: Material ID | I78: String (10) ASCII | J78: 163
A79: =LEFT($C$3, 2) & (MID($C$3, 3, LEN($C$3)) + J79) -> DM11164 | D79: 4th Char | F79: 3rd Char | J79: 164
A80: =LEFT($C$3, 2) & (MID($C$3, 3, LEN($C$3)) + J80) -> DM11165 | D80: 6th Char | F80: 5th Char | J80: 165
A81: =LEFT($C$3, 2) & (MID($C$3, 3, LEN($C$3)) + J81) -> DM11166 | D81: 8th Char | F81: 7th Char | J81: 166
A82: =LEFT($C$3, 2) & (MID($C$3, 3, LEN($C$3)) + J82) -> DM11167 | D82: 10th Char | F82: 9th Char | J82: 167
A83: =LEFT($C$3, 2) & (MID($C$3, 3, LEN($C$3)) + J83) -> DM11168 | D83: 12th Char | F83: 11th Char | J83: 168
A84: =LEFT($C$3, 2) & (MID($C$3, 3, LEN($C$3)) + J84) -> DM11169 | D84: 14th Char | F84: 13th Char | J84: 169
A85: =LEFT($C$3, 2) & (MID($C$3, 3, LEN($C$3)) + J85) -> DM11170 | D85: 16th Char | F85: 15th Char | J85: 170
A86: =LEFT($C$3, 2) & (MID($C$3, 3, LEN($C$3)) + J86) -> DM11171 | D86: 18th Char | F86: 17th Char | J86: 171
A87: =LEFT($C$3, 2) & (MID($C$3, 3, LEN($C$3)) + J87) -> DM11172 | D87: 20th Char | F87: 19th Char | J87: 172
A88: =LEFT($C$3, 2) & (MID($C$3, 3, LEN($C$3)) + J88) -> DM11173 | B88: CassetteID | C88: EQ->EAP | D88: 2nd Char | F88: 1st Char | H88: Cassette ID | I88: String (10) ASCII | J88: 173
A89: =LEFT($C$3, 2) & (MID($C$3, 3, LEN($C$3)) + J89) -> DM11174 | D89: 4th Char | F89: 3rd Char | J89: 174
A90: =LEFT($C$3, 2) & (MID($C$3, 3, LEN($C$3)) + J90) -> DM11175 | D90: 6th Char | F90: 5th Char | J90: 175
A91: =LEFT($C$3, 2) & (MID($C$3, 3, LEN($C$3)) + J91) -> DM11176 | D91: 8th Char | F91: 7th Char | J91: 176
A92: =LEFT($C$3, 2) & (MID($C$3, 3, LEN($C$3)) + J92) -> DM11177 | D92: 10th Char | F92: 9th Char | J92: 177
A93: =LEFT($C$3, 2) & (MID($C$3, 3, LEN($C$3)) + J93) -> DM11178 | D93: 12th Char | F93: 11th Char | J93: 178
A94: =LEFT($C$3, 2) & (MID($C$3, 3, LEN($C$3)) + J94) -> DM11179 | D94: 14th Char | F94: 13th Char | J94: 179
A95: =LEFT($C$3, 2) & (MID($C$3, 3, LEN($C$3)) + J95) -> DM11180 | D95: 16th Char | F95: 15th Char | J95: 180
A96: =LEFT($C$3, 2) & (MID($C$3, 3, LEN($C$3)) + J96) -> DM11181 | D96: 18th Char | F96: 17th Char | J96: 181
A97: =LEFT($C$3, 2) & (MID($C$3, 3, LEN($C$3)) + J97) -> DM11182 | D97: 20th Char | F97: 19th Char | J97: 182
A98: =LEFT($C$3, 2) & (MID($C$3, 3, LEN($C$3)) + J98) -> DM11183 | B98: WorkOrder | C98: EQ->EAP | D98: 2nd Char | F98: 1st Char | H98: Work Order Number | I98: String (10) ASCII | J98: 183
A99: =LEFT($C$3, 2) & (MID($C$3, 3, LEN($C$3)) + J99) -> DM11184 | D99: 4th Char | F99: 3rd Char | J99: 184
A100: =LEFT($C$3, 2) & (MID($C$3, 3, LEN($C$3)) + J100) -> DM11185 | D100: 6th Char | F100: 5th Char | J100: 185
A101: =LEFT($C$3, 2) & (MID($C$3, 3, LEN($C$3)) + J101) -> DM11186 | D101: 8th Char | F101: 7th Char | J101: 186
A102: =LEFT($C$3, 2) & (MID($C$3, 3, LEN($C$3)) + J102) -> DM11187 | D102: 10th Char | F102: 9th Char | J102: 187
A103: =LEFT($C$3, 2) & (MID($C$3, 3, LEN($C$3)) + J103) -> DM11188 | D103: 12th Char | F103: 11th Char | J103: 188
A104: =LEFT($C$3, 2) & (MID($C$3, 3, LEN($C$3)) + J104) -> DM11189 | D104: 14th Char | F104: 13th Char | J104: 189
A105: =LEFT($C$3, 2) & (MID($C$3, 3, LEN($C$3)) + J105) -> DM11190 | D105: 16th Char | F105: 15th Char | J105: 190
A106: =LEFT($C$3, 2) & (MID($C$3, 3, LEN($C$3)) + J106) -> DM11191 | D106: 18th Char | F106: 17th Char | J106: 191
A107: =LEFT($C$3, 2) & (MID($C$3, 3, LEN($C$3)) + J107) -> DM11192 | D107: 20th Char | F107: 19th Char | J107: 192
A108: =LEFT($C$3, 2) & (MID($C$3, 3, LEN($C$3)) + J108) -> DM11193 | B108: ToolingID | C108: EQ->EAP | D108: 2nd Char | F108: 1st Char | H108: Tooling ID | I108: String (10) ASCII | J108: 193
A109: =LEFT($C$3, 2) & (MID($C$3, 3, LEN($C$3)) + J109) -> DM11194 | D109: 4th Char | F109: 3rd Char | J109: 194
A110: =LEFT($C$3, 2) & (MID($C$3, 3, LEN($C$3)) + J110) -> DM11195 | D110: 6th Char | F110: 5th Char | J110: 195
A111: =LEFT($C$3, 2) & (MID($C$3, 3, LEN($C$3)) + J111) -> DM11196 | D111: 8th Char | F111: 7th Char | J111: 196
...

Sheet Pickling Adress
A1: SUBJECT | B1: Equipment Data Mapping
B2: Doc. No. : | D2: =Cover!C13 -> CIM Equipment spec.
A3: PLC Start Adress | C3: DM12000
A5: PLC Address | B5: Name Designation | C5: Permission | D5: Format(F->0) | H5: Description | I5: Annotation
A6: [觸發訊號 : Request and Ack]
A7: =LEFT($C$3, 2) & (MID($C$3, 3, LEN($C$3)) + J7) -> DM12000 | B7: Equipment Event Request | C7: EQ->EAP | D7: 0000 | E7: 0000 | F7: 0000 | G7: 00ba | H7: a : AlarmReport b : StatusChangeReport | I7: (binary) | J7: 000
A8: =LEFT($C$3, 2) & (MID($C$3, 3, LEN($C$3)) + J8) -> DM12001 | B8: EAP Event Ack | C8: EAP->EQ | D8: 0 | E8: 0000 | F8: 0000 | G8: 00ba | H8: a : AlarmReport b : StatusChangeReport | I8: (binary) | J8: 001
A9: =LEFT($C$3, 2) & (MID($C$3, 3, LEN($C$3)) + J9) -> DM12002 | B9: EAP CMD Request | C9: EAP->EQ | D9: 0000 | E9: 0 | F9: 0 | G9: 0000 | J9: 002
A10: =LEFT($C$3, 2) & (MID($C$3, 3, LEN($C$3)) + J10) -> DM12003 | B10: Equipment CMD Ack | C10: EQ->EAP | D10: 0 | E10: 0 | F10: 0 | G10: 0000 | J10: 003
A11: =LEFT($C$3, 2) & (MID($C$3, 3, LEN($C$3)) + J11) -> DM12004 | B11: AliveCheck (EQ Startup) | C11: EQ->EAP | D11: 0 | E11: 0 | F11: 0 | G11: 000a | H11: a : AliveCheck (EQ Startup)，ON/OFF once every 15 seconds. | J11: 004
A12: =LEFT($C$3, 2) & (MID($C$3, 3, LEN($C$3)) + J12) -> DM12005 | B12: AliveCheck (EAP StartUp) | C12: EAP->EQ | D12: 0 | E12: 0 | F12: 0 | G12: 000a | H12: a : AliveCheck (EAP StartUp)，ON/OFF once every 15 seconds. | J12: 005
A13: [警報上報 : AlarmReport]
A14: =LEFT($C$3, 2) & (MID($C$3, 3, LEN($C$3)) + J14) -> DM12100 | B14: Machine | C14: EQ->EAP | D14: 2nd Char | F14: 1st Char | H14: Machine ID | I14: String (3) ASCII | J14: 100
A15: =LEFT($C$3, 2) & (MID($C$3, 3, LEN($C$3)) + J15) -> DM12101 | D15: 4th Char | F15: 3rd Char | J15: 101
A16: =LEFT($C$3, 2) & (MID($C$3, 3, LEN($C$3)) + J16) -> DM12102 | D16: 6th Char | F16: 5th Char | J16: 102
A17: =LEFT($C$3, 2) & (MID($C$3, 3, LEN($C$3)) + J17) -> DM12103 | B17: DATE | C17: EQ->EAP | D17: y(2st Char) | F17: y(1st Char) | H17: yyyyMMddHHmmss | I17: String (7) ASCII | J17: 103
A18: =LEFT($C$3, 2) & (MID($C$3, 3, LEN($C$3)) + J18) -> DM12104 | D18: y(4st Char) | F18: y(3st Char) | J18: 104
A19: =LEFT($C$3, 2) & (MID($C$3, 3, LEN($C$3)) + J19) -> DM12105 | D19: M(2st Char) | F19: M(1st Char) | J19: 105
A20: =LEFT($C$3, 2) & (MID($C$3, 3, LEN($C$3)) + J20) -> DM12106 | D20: d(2st Char) | F20: d(1st Char) | J20: 106
A21: =LEFT($C$3, 2) & (MID($C$3, 3, LEN($C$3)) + J21) -> DM12107 | D21: H(2st Char) | F21: H(1st Char) | J21: 107
A22: =LEFT($C$3, 2) & (MID($C$3, 3, LEN($C$3)) + J22) -> DM12108 | D22: m(2st Char) | F22: m(1st Char) | J22: 108
A23: =LEFT($C$3, 2) & (MID($C$3, 3, LEN($C$3)) + J23) -> DM12109 | D23: s(2st Char) | F23: s(1st Char) | J23: 109
A24: =LEFT($C$3, 2) & (MID($C$3, 3, LEN($C$3)) + J24) -> DM12110 | B24: AlarmStatus | C24: EQ->EAP | D24: 0 | E24: 0 | F24: 0 | G24: 00aa | H24: 1 : S / 2 : E | I24: INT(1) | J24: 110
A25: =LEFT($C$3, 2) & (MID($C$3, 3, LEN($C$3)) + J25) -> DM12111 | B25: AlarmType | C25: EQ->EAP | D25: 0 | E25: 0 | F25: 0 | G25: 00aa | H25: 1 : Alarm / 2 :Warning | I25: INT(1) | J25: 111
A26: =LEFT($C$3, 2) & (MID($C$3, 3, LEN($C$3)) + J26) -> DM12112 | B26: AlarmCode | C26: EQ->EAP | D26: 2nd Char | F26: 1st Char | H26: Alarm Code | I26: String (2) ASCII | J26: 112
A27: =LEFT($C$3, 2) & (MID($C$3, 3, LEN($C$3)) + J27) -> DM12113 | D27: 4th Char | F27: 3rd Char | J27: 113
A28: =LEFT($C$3, 2) & (MID($C$3, 3, LEN($C$3)) + J28) -> DM12114 | B28: Spare | J28: 114
A29: =LEFT($C$3, 2) & (MID($C$3, 3, LEN($C$3)) + J29) -> DM12115 | B29: Spare | J29: 115
A30: =LEFT($C$3, 2) & (MID($C$3, 3, LEN($C$3)) + J30) -> DM12116 | B30: Spare | J30: 116
A31: =LEFT($C$3, 2) & (MID($C$3, 3, LEN($C$3)) + J31) -> DM12117 | B31: Spare | J31: 117
A32: =LEFT($C$3, 2) & (MID($C$3, 3, LEN($C$3)) + J32) -> DM12118 | B32: Spare | J32: 118
A33: =LEFT($C$3, 2) & (MID($C$3, 3, LEN($C$3)) + J33) -> DM12119 | B33: Spare | J33: 119
A34: =LEFT($C$3, 2) & (MID($C$3, 3, LEN($C$3)) + J34) -> DM12120 | B34: Spare | J34: 120
A35: =LEFT($C$3, 2) & (MID($C$3, 3, LEN($C$3)) + J35) -> DM12121 | B35: RtnResult | C35: EAP->EQ | D35: 0 | E35: 0 | F35: 0 | G35: 00aa | H35: 1 : PASS / 2 :FAIL | I35: INT(1) | J35: 121
A36: =LEFT($C$3, 2) & (MID($C$3, 3, LEN($C$3)) + J36) -> DM12122 | B36: RtnCode | C36: EAP->EQ | D36: 0 | E36: 0 | F36: hhhh | G36: hhhh | H36: PASS : 0 / FAIL : 1~99 | I36: INT(2) | J36: 122
A37: =LEFT($C$3, 2) & (MID($C$3, 3, LEN($C$3)) + J37) -> DM12123 | D37: 4th Char | F37: 3rd Char | J37: 123
A38: =LEFT($C$3, 2) & (MID($C$3, 3, LEN($C$3)) + J38) -> DM12124 | D38: 6th Char | F38: 5th Char | J38: 124
A39: =LEFT($C$3, 2) & (MID($C$3, 3, LEN($C$3)) + J39) -> DM12125 | D39: 8th Char | F39: 7th Char | J39: 125
A40: =LEFT($C$3, 2) & (MID($C$3, 3, LEN($C$3)) + J40) -> DM12126 | B40: Spare | J40: 126
A41: =LEFT($C$3, 2) & (MID($C$3, 3, LEN($C$3)) + J41) -> DM12127 | B41: Spare | J41: 127
A42: =LEFT($C$3, 2) & (MID($C$3, 3, LEN($C$3)) + J42) -> DM12128 | B42: Spare | J42: 128
A43: =LEFT($C$3, 2) & (MID($C$3, 3, LEN($C$3)) + J43) -> DM12129 | B43: Spare | J43: 129
A44: [狀態變更 : StatusChange]
A45: =LEFT($C$3, 2) & (MID($C$3, 3, LEN($C$3)) + J45) -> DM12130 | B45: Machine | C45: EQ->EAP | D45: 2nd Char | F45: 1st Char | H45: Machine ID | I45: String (3) ASCII | J45: 130
A46: =LEFT($C$3, 2) & (MID($C$3, 3, LEN($C$3)) + J46) -> DM12131 | D46: 4th Char | F46: 3rd Char | J46: 131
A47: =LEFT($C$3, 2) & (MID($C$3, 3, LEN($C$3)) + J47) -> DM12132 | D47: 6th Char | F47: 5th Char | J47: 132
A48: =LEFT($C$3, 2) & (MID($C$3, 3, LEN($C$3)) + J48) -> DM12133 | B48: DATE | C48: EQ->EAP | D48: y(2st Char) | F48: y(1st Char) | H48: yyyyMMddHHmmss | I48: String (7) ASCII | J48: 133
A49: =LEFT($C$3, 2) & (MID($C$3, 3, LEN($C$3)) + J49) -> DM12134 | D49: y(4st Char) | F49: y(3st Char) | J49: 134
A50: =LEFT($C$3, 2) & (MID($C$3, 3, LEN($C$3)) + J50) -> DM12135 | D50: M(2st Char) | F50: M(1st Char) | J50: 135
A51: =LEFT($C$3, 2) & (MID($C$3, 3, LEN($C$3)) + J51) -> DM12136 | D51: d(2st Char) | F51: d(1st Char) | J51: 136
A52: =LEFT($C$3, 2) & (MID($C$3, 3, LEN($C$3)) + J52) -> DM12137 | D52: H(2st Char) | F52: H(1st Char) | J52: 137
A53: =LEFT($C$3, 2) & (MID($C$3, 3, LEN($C$3)) + J53) -> DM12138 | D53: m(2st Char) | F53: m(1st Char) | J53: 138
A54: =LEFT($C$3, 2) & (MID($C$3, 3, LEN($C$3)) + J54) -> DM12139 | D54: s(2st Char) | F54: s(1st Char) | J54: 139
A55: =LEFT($C$3, 2) & (MID($C$3, 3, LEN($C$3)) + J55) -> DM12140 | B55: OldStatus | C55: EQ->EAP | D55: 0 | E55: 0 | F55: 0 | G55: dcba | H55: Old Status | I55: INT(1) 0~10 | J55: 140
A56: =LEFT($C$3, 2) & (MID($C$3, 3, LEN($C$3)) + J56) -> DM12141 | B56: NewStatus | C56: EQ->EAP | D56: 0 | E56: 0 | F56: 0 | G56: dcba | H56: New Status | I56: INT(1) 0~10 | J56: 141
A57: =LEFT($C$3, 2) & (MID($C$3, 3, LEN($C$3)) + J57) -> DM12142 | B57: Spare | J57: 142
A58: =LEFT($C$3, 2) & (MID($C$3, 3, LEN($C$3)) + J58) -> DM12143 | B58: Spare | J58: 143
A59: =LEFT($C$3, 2) & (MID($C$3, 3, LEN($C$3)) + J59) -> DM12144 | B59: Spare | J59: 144
A60: =LEFT($C$3, 2) & (MID($C$3, 3, LEN($C$3)) + J60) -> DM12145 | B60: RtnResult | C60: EAP->EQ | D60: 0 | E60: 0 | F60: 0 | G60: 00aa | H60: 1 : PASS / 2 :FAIL | I60: INT(1) | J60: 145
A61: =LEFT($C$3, 2) & (MID($C$3, 3, LEN($C$3)) + J61) -> DM12146 | B61: RtnCode | C61: EAP->EQ | D61: 0 | E61: 0 | F61: hhhh | G61: hhhh | H61: PASS : 0 / FAIL : 1~99 | I61: INT(2) | J61: 146
A62: =LEFT($C$3, 2) & (MID($C$3, 3, LEN($C$3)) + J62) -> DM12147 | B62: Spare | J62: 147
A63: =LEFT($C$3, 2) & (MID($C$3, 3, LEN($C$3)) + J63) -> DM12148 | B63: Spare | J63: 148
A64: =LEFT($C$3, 2) & (MID($C$3, 3, LEN($C$3)) + J64) -> DM12149 | B64: Spare | J64: 149

Sheet Unoader Adress
A1: SUBJECT | B1: Equipment Data Mapping
B2: Doc. No. : | D2: =Cover!C13 -> CIM Equipment spec.
A3: PLC Start Adress | C3: DM13000
A5: PLC Address | B5: Name Designation | C5: Permission | D5: Format(F->0) | H5: Description | I5: Annotation
A6: [觸發訊號 : Request and Ack]
A7: =LEFT($C$3, 2) & (MID($C$3, 3, LEN($C$3)) + J7) -> DM13000 | B7: Equipment Event Request | C7: EQ->EAP | D7: 0000 | E7: 0000 | F7: 000e | G7: dcba | H7: a : UserID_Verify b : TrackOutReq c : AlarmReport d : StatusChangeReport e : PanelOutReport | I7: (binary) | J7: 000
A8: =LEFT($C$3, 2) & (MID($C$3, 3, LEN($C$3)) + J8) -> DM13001 | B8: EAP Event Ack | C8: EAP->EQ | D8: 0 | E8: 0000 | F8: 000e | G8: dcba | H8: a : UserID_Verify b : TrackOutReq c : AlarmReport d : StatusChangeReport e : PanelOutReport | I8: (binary) | J8: 001
A9: =LEFT($C$3, 2) & (MID($C$3, 3, LEN($C$3)) + J9) -> DM13002 | B9: EAP CMD Request | C9: EAP->EQ | D9: 0000 | E9: 0 | F9: 0 | G9: 0000 | J9: 002
A10: =LEFT($C$3, 2) & (MID($C$3, 3, LEN($C$3)) + J10) -> DM13003 | B10: Equipment CMD Ack | C10: EQ->EAP | D10: 0 | E10: 0 | F10: 0 | G10: 0000 | J10: 003
A11: =LEFT($C$3, 2) & (MID($C$3, 3, LEN($C$3)) + J11) -> DM13004 | B11: AliveCheck (EQ Startup) | C11: EQ->EAP | D11: 0 | E11: 0 | F11: 0 | G11: 000a | H11: a : AliveCheck (EQ Startup)，ON/OFF once every 15 seconds. | J11: 004
A12: =LEFT($C$3, 2) & (MID($C$3, 3, LEN($C$3)) + J12) -> DM13005 | B12: AliveCheck (EAP StartUp) | C12: EAP->EQ | D12: 0 | E12: 0 | F12: 0 | G12: 000a | H12: a : AliveCheck (EAP StartUp)，ON/OFF once every 15 seconds. | J12: 005
A13: [人員登入驗證 : UserID_Verify Area]
A14: =LEFT($C$3, 2) & (MID($C$3, 3, LEN($C$3)) + J14) -> DM13100 | B14: Machine | C14: EQ->EAP | D14: 2nd Char | F14: 1st Char | H14: Machine ID | I14: String (3) ASCII | J14: 100
A15: =LEFT($C$3, 2) & (MID($C$3, 3, LEN($C$3)) + J15) -> DM13101 | D15: 4th Char | F15: 3rd Char | J15: 101
A16: =LEFT($C$3, 2) & (MID($C$3, 3, LEN($C$3)) + J16) -> DM13102 | D16: 6th Char | F16: 5th Char | J16: 102
A17: =LEFT($C$3, 2) & (MID($C$3, 3, LEN($C$3)) + J17) -> DM13103 | B17: DATE | C17: EQ->EAP | D17: y(2st Char) | F17: y(1st Char) | H17: yyyyMMddHHmmss | I17: String (7) ASCII | J17: 103
A18: =LEFT($C$3, 2) & (MID($C$3, 3, LEN($C$3)) + J18) -> DM13104 | D18: y(4st Char) | F18: y(3st Char) | J18: 104
A19: =LEFT($C$3, 2) & (MID($C$3, 3, LEN($C$3)) + J19) -> DM13105 | D19: M(2st Char) | F19: M(1st Char) | J19: 105
A20: =LEFT($C$3, 2) & (MID($C$3, 3, LEN($C$3)) + J20) -> DM13106 | D20: d(2st Char) | F20: d(1st Char) | J20: 106
A21: =LEFT($C$3, 2) & (MID($C$3, 3, LEN($C$3)) + J21) -> DM13107 | D21: H(2st Char) | F21: H(1st Char) | J21: 107
A22: =LEFT($C$3, 2) & (MID($C$3, 3, LEN($C$3)) + J22) -> DM13108 | D22: m(2st Char) | F22: m(1st Char) | J22: 108
A23: =LEFT($C$3, 2) & (MID($C$3, 3, LEN($C$3)) + J23) -> DM13109 | D23: s(2st Char) | F23: s(1st Char) | J23: 109
A24: =LEFT($C$3, 2) & (MID($C$3, 3, LEN($C$3)) + J24) -> DM13110 | B24: UserID | C24: EQ->EAP | D24: 2nd Char | F24: 1st Char | H24: User ID | I24: String (3) ASCII | J24: 110
A25: =LEFT($C$3, 2) & (MID($C$3, 3, LEN($C$3)) + J25) -> DM13111 | D25: 4th Char | F25: 3rd Char | J25: 111
A26: =LEFT($C$3, 2) & (MID($C$3, 3, LEN($C$3)) + J26) -> DM13112 | D26: 6th Char | F26: 5th Char | J26: 112
A27: =LEFT($C$3, 2) & (MID($C$3, 3, LEN($C$3)) + J27) -> DM13113 | B27: Barcode | C27: EQ->EAP | D27: 2nd Char | F27: 1st Char | H27: Barcode | I27: String (24) ASCII | J27: 113
A28: =LEFT($C$3, 2) & (MID($C$3, 3, LEN($C$3)) + J28) -> DM13114 | D28: 4th Char | F28: 3rd Char | J28: 114
A29: =LEFT($C$3, 2) & (MID($C$3, 3, LEN($C$3)) + J29) -> DM13115 | D29: 6th Char | F29: 5th Char | J29: 115
A30: =LEFT($C$3, 2) & (MID($C$3, 3, LEN($C$3)) + J30) -> DM13116 | D30: 8th Char | F30: 7th Char | J30: 116
A31: =LEFT($C$3, 2) & (MID($C$3, 3, LEN($C$3)) + J31) -> DM13117 | D31: 10th Char | F31: 9th Char | J31: 117
A32: =LEFT($C$3, 2) & (MID($C$3, 3, LEN($C$3)) + J32) -> DM13118 | D32: 12th Char | F32: 11th Char | J32: 118
A33: =LEFT($C$3, 2) & (MID($C$3, 3, LEN($C$3)) + J33) -> DM13119 | D33: 14th Char | F33: 13th Char | J33: 119
A34: =LEFT($C$3, 2) & (MID($C$3, 3, LEN($C$3)) + J34) -> DM13120 | D34: 16th Char | F34: 15th Char | J34: 120
A35: =LEFT($C$3, 2) & (MID($C$3, 3, LEN($C$3)) + J35) -> DM13121 | D35: 18th Char | F35: 17th Char | J35: 121
A36: =LEFT($C$3, 2) & (MID($C$3, 3, LEN($C$3)) + J36) -> DM13122 | D36: 20th Char | F36: 19th Char | J36: 122
A37: =LEFT($C$3, 2) & (MID($C$3, 3, LEN($C$3)) + J37) -> DM13123 | D37: 22nd Char | F37: 21st Char | J37: 123
A38: =LEFT($C$3, 2) & (MID($C$3, 3, LEN($C$3)) + J38) -> DM13124 | D38: 24th Char | F38: 23rd Char | J38: 124
A39: =LEFT($C$3, 2) & (MID($C$3, 3, LEN($C$3)) + J39) -> DM13125 | D39: 26th Char | F39: 25th Char | J39: 125
... A50: =LEFT($C$3, 2) & (MID($C$3, 3, LEN($C$3)) + J50) -> DM13136 | D50: 48th Char | F50: 47th Char | J50: 136
A51: =LEFT($C$3, 2) & (MID($C$3, 3, LEN($C$3)) + J51) -> DM13137 | B51: Spare | J51: 137
A52: =LEFT($C$3, 2) & (MID($C$3, 3, LEN($C$3)) + J52) -> DM13138 | B52: Spare | J52: 138
A53: =LEFT($C$3, 2) & (MID($C$3, 3, LEN($C$3)) + J53) -> DM13139 | B53: Spare | J53: 139
A54: =LEFT($C$3, 2) & (MID($C$3, 3, LEN($C$3)) + J54) -> DM13140 | B54: Spare | J54: 140
A55: =LEFT($C$3, 2) & (MID($C$3, 3, LEN($C$3)) + J55) -> DM13141 | B55: Spare | J55: 141
A56: =LEFT($C$3, 2) & (MID($C$3, 3, LEN($C$3)) + J56) -> DM13142 | B56: Spare | J56: 142
A57: =LEFT($C$3, 2) & (MID($C$3, 3, LEN($C$3)) + J57) -> DM13143 | B57: RtnResult | C57: EAP->EQ | D57: 0 | E57: 0 | F57: 0 | G57: 00aa | H57: 1 : PASS / 2 :FAIL | I57: INT(1) | J57: 143
A58: =LEFT($C$3, 2) & (MID($C$3, 3, LEN($C$3)) + J58) -> DM13144 | B58: RtnCode | C58: EAP->EQ | D58: 0 | E58: 0 | F58: hhhh | G58: hhhh | H58: PASS : 0 / FAIL : 1~99 | I58: INT(2) | J58: 144
A59: =LEFT($C$3, 2) & (MID($C$3, 3, LEN($C$3)) + J59) -> DM13145 | B59: Spare | J59: 145
A60: =LEFT($C$3, 2) & (MID($C$3, 3, LEN($C$3)) + J60) -> DM13146 | B60: Spare | J60: 146
A61: =LEFT($C$3, 2) & (MID($C$3, 3, LEN($C$3)) + J61) -> DM13147 | B61: Spare | J61: 147
A62: =LEFT($C$3, 2) & (MID($C$3, 3, LEN($C$3)) + J62) -> DM13148 | B62: Spare | J62: 148
A63: =LEFT($C$3, 2) & (MID($C$3, 3, LEN($C$3)) + J63) -> DM13149 | B63: Spare | J63: 149
A64: [工單出站 : TrackOutReq]
A65: =LEFT($C$3, 2) & (MID($C$3, 3, LEN($C$3)) + J65) -> DM13150 | B65: Machine | C65: EQ->EAP | D65: 2nd Char | F65: 1st Char | H65: Machine ID | I65: String (3) ASCII | J65: 150
A66: =LEFT($C$3, 2) & (MID($C$3, 3, LEN($C$3)) + J66) -> DM13151 | D66: 4th Char | F66: 3rd Char | J66: 151
A67: =LEFT($C$3, 2) & (MID($C$3, 3, LEN($C$3)) + J67) -> DM13152 | D67: 6th Char | F67: 5th Char | J67: 152
A68: =LEFT($C$3, 2) & (MID($C$3, 3, LEN($C$3)) + J68) -> DM13153 | B68: DATE | C68: EQ->EAP | D68: y(2st Char) | F68: y(1st Char) | H68: yyyyMMddHHmmss | I68: String (7) ASCII | J68: 153
A69: =LEFT($C$3, 2) & (MID($C$3, 3, LEN($C$3)) + J69) -> DM13154 | D69: y(4st Char) | F69: y(3st Char) | J69: 154
A70: =LEFT($C$3, 2) & (MID($C$3, 3, LEN($C$3)) + J70) -> DM13155 | D70: M(2st Char) | F70: M(1st Char) | J70: 155
A71: =LEFT($C$3, 2) & (MID($C$3, 3, LEN($C$3)) + J71) -> DM13156 | D71: d(2st Char) | F71: d(1st Char) | J71: 156
A72: =LEFT($C$3, 2) & (MID($C$3, 3, LEN($C$3)) + J72) -> DM13157 | D72: H(2st Char) | F72: H(1st Char) | J72: 157
A73: =LEFT($C$3, 2) & (MID($C$3, 3, LEN($C$3)) + J73) -> DM13158 | D73: m(2st Char) | F73: m(1st Char) | J73: 158
A74: =LEFT($C$3, 2) & (MID($C$3, 3, LEN($C$3)) + J74) -> DM13159 | D74: s(2st Char) | F74: s(1st Char) | J74: 159
A75: =LEFT($C$3, 2) & (MID($C$3, 3, LEN($C$3)) + J75) -> DM13160 | B75: UserID | C75: EQ->EAP | D75: 2nd Char | F75: 1st Char | H75: User ID | I75: String (3) ASCII | J75: 160
A76: =LEFT($C$3, 2) & (MID($C$3, 3, LEN($C$3)) + J76) -> DM13161 | D76: 4th Char | F76: 3rd Char | J76: 161
A77: =LEFT($C$3, 2) & (MID($C$3, 3, LEN($C$3)) + J77) -> DM13162 | D77: 6th Char | F77: 5th Char | J77: 162
A78: =LEFT($C$3, 2) & (MID($C$3, 3, LEN($C$3)) + J78) -> DM13163 | B78: MaterialID | C78: EQ->EAP | D78: 2nd Char | F78: 1st Char | H78: Material ID | I78: String (10) ASCII | J78: 163
A79: =LEFT($C$3, 2) & (MID($C$3, 3, LEN($C$3)) + J79) -> DM13164 | D79: 4th Char | F79: 3rd Char | J79: 164
A80: =LEFT($C$3, 2) & (MID($C$3, 3, LEN($C$3)) + J80) -> DM13165 | D80: 6th Char | F80: 5th Char | J80: 165
A81: =LEFT($C$3, 2) & (MID($C$3, 3, LEN($C$3)) + J81) -> DM13166 | D81: 8th Char | F81: 7th Char | J81: 166
A82: =LEFT($C$3, 2) & (MID($C$3, 3, LEN($C$3)) + J82) -> DM13167 | D82: 10th Char | F82: 9th Char | J82: 167
A83: =LEFT($C$3, 2) & (MID($C$3, 3, LEN($C$3)) + J83) -> DM13168 | D83: 12th Char | F83: 11th Char | J83: 168
A84: =LEFT($C$3, 2) & (MID($C$3, 3, LEN($C$3)) + J84) -> DM13169 | D84: 14th Char | F84: 13th Char | J84: 169
A85: =LEFT($C$3, 2) & (MID($C$3, 3, LEN($C$3)) + J85) -> DM13170 | D85: 16th Char | F85: 15th Char | J85: 170
A86: =LEFT($C$3, 2) & (MID($C$3, 3, LEN($C$3)) + J86) -> DM13171 | D86: 18th Char | F86: 17th Char | J86: 171
A87: =LEFT($C$3, 2) & (MID($C$3, 3, LEN($C$3)) + J87) -> DM13172 | D87: 20th Char | F87: 19th Char | J87: 172
A88: =LEFT($C$3, 2) & (MID($C$3, 3, LEN($C$3)) + J88) -> DM13173 | B88: CassetteID | C88: EQ->EAP | D88: 2nd Char | F88: 1st Char | H88: Cassette ID | I88: String (10) ASCII | J88: 173
A89: =LEFT($C$3, 2) & (MID($C$3, 3, LEN($C$3)) + J89) -> DM13174 | D89: 4th Char | F89: 3rd Char | J89: 174
A90: =LEFT($C$3, 2) & (MID($C$3, 3, LEN($C$3)) + J90) -> DM13175 | D90: 6th Char | F90: 5th Char | J90: 175
A91: =LEFT($C$3, 2) & (MID($C$3, 3, LEN($C$3)) + J91) -> DM13176 | D91: 8th Char | F91: 7th Char | J91: 176
A92: =LEFT($C$3, 2) & (MID($C$3, 3, LEN($C$3)) + J92) -> DM13177 | D92: 10th Char | F92: 9th Char | J92: 177
A93: =LEFT($C$3, 2) & (MID($C$3, 3, LEN($C$3)) + J93) -> DM13178 | D93: 12th Char | F93: 11th Char | J93: 178
A94: =LEFT($C$3, 2) & (MID($C$3, 3, LEN($C$3)) + J94) -> DM13179 | D94: 14th Char | F94: 13th Char | J94: 179
A95: =LEFT($C$3, 2) & (MID($C$3, 3, LEN($C$3)) + J95) -> DM13180 | D95: 16th Char | F95: 15th Char | J95: 180
A96: =LEFT($C$3, 2) & (MID($C$3, 3, LEN($C$3)) + J96) -> DM13181 | D96: 18th Char | F96: 17th Char | J96: 181
A97: =LEFT($C$3, 2) & (MID($C$3, 3, LEN($C$3)) + J97) -> DM13182 | D97: 20th Char | F97: 19th Char | J97: 182
A98: =LEFT($C$3, 2) & (MID($C$3, 3, LEN($C$3)) + J98) -> DM13183 | B98: WorkOrder | C98: EQ->EAP | D98: 2nd Char | F98: 1st Char | H98: Work Order Number | I98: String (10) ASCII | J98: 183
A99: =LEFT($C$3, 2) & (MID($C$3, 3, LEN($C$3)) + J99) -> DM13184 | D99: 4th Char | F99: 3rd Char | J99: 184
A100: =LEFT($C$3, 2) & (MID($C$3, 3, LEN($C$3)) + J100) -> DM13185 | D100: 6th Char | F100: 5th Char | J100: 185
A101: =LEFT($C$3, 2) & (MID($C$3, 3, LEN($C$3)) + J101) -> DM13186 | D101: 8th Char | F101: 7th Char | J101: 186
A102: =LEFT($C$3, 2) & (MID($C$3, 3, LEN($C$3)) + J102) -> DM13187 | D102: 10th Char | F102: 9th Char | J102: 187
A103: =LEFT($C$3, 2) & (MID($C$3, 3, LEN($C$3)) + J103) -> DM13188 | D103: 12th Char | F103: 11th Char | J103: 188
A104: =LEFT($C$3, 2) & (MID($C$3, 3, LEN($C$3)) + J104) -> DM13189 | D104: 14th Char | F104: 13th Char | J104: 189
A105: =LEFT($C$3, 2) & (MID($C$3, 3, LEN($C$3)) + J105) -> DM13190 | D105: 16th Char | F105: 15th Char | J105: 190
A106: =LEFT($C$3, 2) & (MID($C$3, 3, LEN($C$3)) + J106) -> DM13191 | D106: 18th Char | F106: 17th Char | J106: 191
A107: =LEFT($C$3, 2) & (MID($C$3, 3, LEN($C$3)) + J107) -> DM13192 | D107: 20th Char | F107: 19th Char | J107: 192
A108: =LEFT($C$3, 2) & (MID($C$3, 3, LEN($C$3)) + J108) -> DM13193 | B108: ToolingID | C108: EQ->EAP | D108: 2nd Char | F108: 1st Char | H108: Tooling ID | I108: String (10) ASCII | J108: 193
A109: =LEFT($C$3, 2) & (MID($C$3, 3, LEN($C$3)) + J109) -> DM13194 | D109: 4th Char | F109: 3rd Char | J109: 194
A110: =LEFT($C$3, 2) & (MID($C$3, 3, LEN($C$3)) + J110) -> DM13195 | D110: 6th Char | F110: 5th Char | J110: 195
A111: =LEFT($C$3, 2) & (MID($C$3, 3, LEN($C$3)) + J111) -> DM13196 | D111: 8th Char | F111: 7th Char | J111: 196
...
